[
    {
        "source": {
            "id": null,
            "name": "Push Square"
        },
        "author": "Sammy Barker",
        "title": "PS5 Sensation Stellar Blade Has One of the Highest User Ratings Ever - Push Square",
        "description": "Shifting up",
        "url": "https://www.pushsquare.com/news/2024/04/ps5-sensation-stellar-blade-has-one-of-the-highest-user-ratings-ever",
        "urlToImage": "https://images.pushsquare.com/7180fed5053c3/1280x720.jpg",
        "publishedAt": "2024-04-30T04:30:00Z",
        "content": "Stellar Blade has proven a hit with critics, achieving a very respectable Metacritic score of 82 but its resonating even better with real players, as the title currently commands one of the highest u\u2026 [+554 chars]"
    },
    {
        "source": {
            "id": null,
            "name": "Financial Times"
        },
        "author": null,
        "title": "Apple targets Google staff to build artificial intelligence team - Financial Times",
        "description": "iPhone maker has also created a secretive Zurich lab as it prepares fightback against rivals",
        "url": "https://www.ft.com/content/87054a60-dc4d-4238-a4b9-93ab48f22f56",
        "urlToImage": null,
        "publishedAt": "2024-04-30T04:02:13Z",
        "content": null
    },
    {
        "source": {
            "id": null,
            "name": "AnandTech"
        },
        "author": "Gavin Bonshor, Ryan Smith",
        "title": "In Light of Stability Concerns, Intel Issues Request to Motherboards Vendors to Actually Follow Stock Power Settings - AnandTech",
        "description": null,
        "url": "https://www.anandtech.com/show/21374/intel-issues-request-to-mobo-vendors-to-use-stock-power-settings-for-stability",
        "urlToImage": "https://images.anandtech.com/doci/21374/Core%20i9%2014900K%20Core%20i7%2014700K%20and%20Core%20i5%2014600K_678x452.jpg",
        "publishedAt": "2024-04-30T01:38:02Z",
        "content": "Across the internet, from online forums such as Reddit to various other tech media outlets, there's a lot of furor around reports of Intel's top-end 14th and 13th Gen K series of processors running i\u2026 [+13268 chars]"
    }
]